<?xml version="1.0" encoding="utf-8" ?>
<LanguageData>

	<FF_Ammo_Type>Ammo Type</FF_Ammo_Type>

	<!-- Ammo Types -->

	<FF_Chemfuel_Ammo>Chemfuel</FF_Chemfuel_Ammo>
	<FF_Chemfuel_Desc>This weapon fires chemfuel.</FF_Chemfuel_Desc>

	<FF_Neutroamine_Ammo>Neutroamine</FF_Neutroamine_Ammo>
	<FF_Neutroamine_Desc>This weapon fires neutroamine.</FF_Neutroamine_Desc>

	<FF_Potato_Ammo>Potato</FF_Potato_Ammo>
	<FF_Potato_Desc>This weapon fires potatoes.</FF_Potato_Desc>

	<FF_Mortar_Ammo>Mortar</FF_Mortar_Ammo>
	<FF_Mortar_Desc>This weapon fires mortars.</FF_Mortar_Desc>

	<FF_Primitive_Ammo>Primitive Ammunition</FF_Primitive_Ammo>
	<FF_Primitive_Desc>This weapon fires primitive ammunition.</FF_Primitive_Desc>

	<FF_Preindustrial_Ammo>Pre-industrial Ammunition</FF_Preindustrial_Ammo>
	<FF_Preindustrial_Desc>This weapon fires pre-industrial ammunition.</FF_Preindustrial_Desc>

	<FF_Industrial_Ammo>Industrial Ammunition</FF_Industrial_Ammo>
	<FF_Industrial_Desc>This weapon fires industrial ammunition.</FF_Industrial_Desc>

	<FF_Spacer_Ammo>Spacer Ammunition</FF_Spacer_Ammo>
	<FF_Spacer_Desc>This weapon fires charged shot ammunition.</FF_Spacer_Desc>

	<FF_Ultratech_Ammo>Ultratech Ammunition</FF_Ultratech_Ammo>
	<FF_Ultratech_Desc>This weapon fires hex cell ammunition.</FF_Ultratech_Desc>

	<FF_Archotech_Ammo>Archotech Ammunition</FF_Archotech_Ammo>
	<FF_Archotech_Desc>This weapon fires archotech ammunition.</FF_Archotech_Desc>

</LanguageData>