<?xml version="1.0" encoding="utf-8"?>

<LanguageData>
<!-- Mounted AGS-17 Plamya -->
  <Turret_AGS.comps.CompRefuelable.fuelGizmoLabel>Ammo</Turret_AGS.comps.CompRefuelable.fuelGizmoLabel>
  <Turret_AGS.comps.CompRefuelable.fuelLabel>Shots until out of ammo</Turret_AGS.comps.CompRefuelable.fuelLabel>
  <Turret_AGS.comps.CompRefuelable.outOfFuelMessage>Cannot shoot: Out of ammo</Turret_AGS.comps.CompRefuelable.outOfFuelMessage>
<!-- Mounted NSV Utyos -->
  <Turret_NSV.comps.CompRefuelable.fuelGizmoLabel>Ammo</Turret_NSV.comps.CompRefuelable.fuelGizmoLabel>
  <Turret_NSV.comps.CompRefuelable.fuelLabel>Shots until out of ammo</Turret_NSV.comps.CompRefuelable.fuelLabel>
  <Turret_NSV.comps.CompRefuelable.outOfFuelMessage>Cannot shoot: Out of ammo</Turret_NSV.comps.CompRefuelable.outOfFuelMessage>

</LanguageData>
