<?xml version="1.0" encoding="utf-8"?>

<LanguageData>
<!-- Military Turret -->
  <VFES_Turret_MilitaryTurret.description>A military-grade double barreled automatic turret. Requires industrial ammo to reload. May explode when damaged. Its dumb AI brain can't be directly controlled, so beware of friendly fire.</VFES_Turret_MilitaryTurret.description>
  <VFES_Turret_MilitaryTurret.comps.CompRefuelable.fuelGizmoLabel>Ammo</VFES_Turret_MilitaryTurret.comps.CompRefuelable.fuelGizmoLabel>
  <VFES_Turret_MilitaryTurret.comps.CompRefuelable.fuelLabel>Shots until out of ammo</VFES_Turret_MilitaryTurret.comps.CompRefuelable.fuelLabel>
  <VFES_Turret_MilitaryTurret.comps.CompRefuelable.outOfFuelMessage>Cannot shoot: Out of ammo</VFES_Turret_MilitaryTurret.comps.CompRefuelable.outOfFuelMessage>
<!-- Sentry Turret -->
  <VFES_Turret_SentryGun.comps.CompRefuelable.fuelGizmoLabel>Ammo</VFES_Turret_SentryGun.comps.CompRefuelable.fuelGizmoLabel>
  <VFES_Turret_SentryGun.comps.CompRefuelable.fuelLabel>Shots until out of ammo</VFES_Turret_SentryGun.comps.CompRefuelable.fuelLabel>
  <VFES_Turret_SentryGun.comps.CompRefuelable.outOfFuelMessage>Cannot shoot: Out of ammo</VFES_Turret_SentryGun.comps.CompRefuelable.outOfFuelMessage>
<!-- Floor Turret -->
  <VFES_Turret_FloorTurret.description>A submersible military-grade double barreled automatic turret which acts as a normal floor tile when unpowered. It only takes half as much damage when submerged. Requires industrial ammo to reload. May explode when damaged. Its dumb AI brain can't be directly controlled, so beware of friendly fire.</VFES_Turret_FloorTurret.description>
<!-- Double Autocannon Turret -->
  <VFES_Turret_AutocannonDouble.description>A heavy automatic turret enhanced with 2 barrels. Its large-caliber shells do heavy damage over significant ranges, but it must be rearmed after use. It cannot fire at close-up targets, and may explode when damaged.</VFES_Turret_AutocannonDouble.description>
  <VFES_Turret_AutocannonDouble.comps.CompRefuelable.fuelGizmoLabel>Ammo</VFES_Turret_AutocannonDouble.comps.CompRefuelable.fuelGizmoLabel>
  <VFES_Turret_AutocannonDouble.comps.CompRefuelable.fuelLabel>Shots until out of ammo</VFES_Turret_AutocannonDouble.comps.CompRefuelable.fuelLabel>
  <VFES_Turret_AutocannonDouble.comps.CompRefuelable.outOfFuelMessage>Cannot shoot: Out of ammo</VFES_Turret_AutocannonDouble.comps.CompRefuelable.outOfFuelMessage>
<!-- Charge Turret -->
  <VFES_Turret_ChargeTurret.description>An automatic turret with a charge pulser gun on top, utilising advanced sensors which offer improved accuracy. Requires charged shot ammo to reload. May explode when damaged.</VFES_Turret_ChargeTurret.description>
  <VFES_Turret_ChargeTurret.comps.CompRefuelable.fuelGizmoLabel>Ammo</VFES_Turret_ChargeTurret.comps.CompRefuelable.fuelGizmoLabel>
  <VFES_Turret_ChargeTurret.comps.CompRefuelable.fuelLabel>Shots until out of ammo</VFES_Turret_ChargeTurret.comps.CompRefuelable.fuelLabel>
  <VFES_Turret_ChargeTurret.comps.CompRefuelable.outOfFuelMessage>Cannot shoot: Out of ammo</VFES_Turret_ChargeTurret.comps.CompRefuelable.outOfFuelMessage>
<!-- Charge Complex -->
  <VFES_Turret_ChargeComplex.description>A stationary charge cannon mounted on a metal barrier. Capable of sustaining fire until it needs rearmed.</VFES_Turret_ChargeComplex.description>
  <VFES_Turret_ChargeComplex.comps.CompRefuelable.fuelGizmoLabel>Ammo</VFES_Turret_ChargeComplex.comps.CompRefuelable.fuelGizmoLabel>
  <VFES_Turret_ChargeComplex.comps.CompRefuelable.fuelLabel>Shots until out of ammo</VFES_Turret_ChargeComplex.comps.CompRefuelable.fuelLabel>
  <VFES_Turret_ChargeComplex.comps.CompRefuelable.outOfFuelMessage>Cannot shoot: Out of ammo</VFES_Turret_ChargeComplex.comps.CompRefuelable.outOfFuelMessage>

</LanguageData>
